LEAF,TREATMENT,NUMBER
L1,Strong,35.89776
L1,Weak,25.01984
L2,Strong,34.11786
L2,Weak,23.16740
L3,Strong,35.70215
L3,Weak,24.12191
L4,Strong,26.22464
L4,Weak,27.93905
L5,Strong,33.01694
L5,Weak,25.18868
L6,Weak,35.99280
L6,Strong,36.72818
L7,Weak,34.48434
L7,Strong,44.72352
L8,Weak,20.57197
L8,Strong,33.10999
